fecha;temperatura
07/07/2007 17:00;27
07/07/2007 17:00;27
07/07/2007 18:00;28
07/07/2007 19:00;29
07/07/2007 20:00;28
07/07/2007 21:00;26
07/07/2007 22:00;25
07/07/2007 23:00;24
08/07/2007 00:00;23
08/07/2007 01:00;22
08/07/2007 02:00;21
08/07/2007 03:00;21
08/07/2007 04:00;20
08/07/2007 05:00;20
08/07/2007 06:00;21
08/07/2007 07:00;22
08/07/2007 08:00;24
08/07/2007 09:00;26
08/07/2007 10:00;28
08/07/2007 11:00;30
08/07/2007 12:00;32
08/07/2007 13:00;33
08/07/2007 14:00;34
08/07/2007 15:00;35
08/07/2007 16:00;34
08/07/2007 17:00;33